{
  "config": {
    "step": {
      "user": {
        "title": "Add Smart Appliance Monitor",
        "description": "Configure monitoring for your appliance",
        "data": {
          "appliance_name": "Appliance Name",
          "appliance_type": "Appliance Type",
          "power_sensor": "Power Sensor",
          "energy_sensor": "Energy Sensor",
          "price_entity": "Price Entity (optional)",
          "price_kwh": "Price per kWh (€)"
        },
        "data_description": {
          "appliance_name": "Descriptive name for your appliance (e.g. Oven, Dishwasher)",
          "appliance_type": "Type of appliance",
          "power_sensor": "Power sensor from the smart plug (W)",
          "energy_sensor": "Energy sensor from the smart plug (kWh)",
          "price_entity": "Input_number or sensor entity for dynamic pricing (leave empty to use fixed value)",
          "price_kwh": "Cost of electricity per kWh (used if no entity is selected)"
        }
      },
      "reconfigure": {
        "title": "Reconfigure {appliance_name}",
        "description": "Modify the base settings for the appliance. Statistics will be preserved.",
        "data": {
          "appliance_name": "Appliance Name",
          "appliance_type": "Appliance Type",
          "power_sensor": "Power Sensor",
          "energy_sensor": "Energy Sensor",
          "price_entity": "Price Entity (optional)",
          "price_kwh": "Price per kWh (€)"
        },
        "data_description": {
          "appliance_name": "Descriptive name for your appliance (e.g. Oven, Dishwasher)",
          "appliance_type": "Type of appliance - thresholds will adapt automatically",
          "power_sensor": "Power sensor from the smart plug (W)",
          "energy_sensor": "Energy sensor from the smart plug (kWh)",
          "price_entity": "Input_number or sensor entity for dynamic pricing (leave empty to use fixed value)",
          "price_kwh": "Cost of electricity per kWh (used if no entity is selected)"
        }
      }
    },
    "error": {
      "invalid_sensor": "Invalid sensor entity",
      "cannot_connect": "Failed to connect",
      "unknown": "Unexpected error"
    },
    "abort": {
      "already_configured": "Device is already configured",
      "reconfigure_successful": "Reconfiguration successful! The integration has been reloaded with the new settings."
    }
  },
  "options": {
    "step": {
      "init": {
        "title": "Detection Thresholds",
        "description": "Configure power thresholds to detect when your appliance starts and stops. These values depend on your appliance type.",
        "data": {
          "start_threshold": "Start Threshold (W)",
          "stop_threshold": "Stop Threshold (W)"
        },
        "data_description": {
          "start_threshold": "Minimum power consumption to detect appliance starting (e.g., 100W for oven, 10W for washing machine)",
          "stop_threshold": "Maximum power consumption to detect appliance stopping (e.g., 10W for oven, 5W for washing machine)"
        }
      },
      "delays": {
        "title": "Detection Delays & Alerts",
        "description": "Configure how long the power must remain stable before confirming a state change, and alert settings.",
        "data": {
          "start_delay_minutes": "Start Delay (minutes)",
          "stop_delay_minutes": "Stop Delay (minutes)",
          "enable_alert_duration": "Enable Duration Alert",
          "alert_duration_hours": "Alert Duration (hours)",
          "expert_mode": "Enable Expert Mode"
        },
        "data_description": {
          "start_delay_minutes": "How long power must stay above threshold before confirming start (0.5-10 min)",
          "stop_delay_minutes": "How long power must stay below threshold before confirming stop (0.5-30 min)",
          "enable_alert_duration": "Get notified if the cycle runs longer than expected",
          "alert_duration_hours": "Maximum cycle duration before triggering an alert (0.5-24 hours)",
          "expert_mode": "Access advanced settings (unplugged detection timeout, custom notification service)"
        }
      },
      "notifications": {
        "title": "Notifications",
        "description": "Choose which notification services to use and which events to be notified about.",
        "data": {
          "notification_services": "Notification Services",
          "notification_types": "Notification Types"
        },
        "data_description": {
          "notification_services": "Select one or more services: Mobile App, Telegram, Persistent notification, or Custom service",
          "notification_types": "Select which events trigger notifications: cycle started, finished, duration alert, or unplugged"
        }
      },
      "expert": {
        "title": "Expert Settings",
        "description": "Advanced configuration for power users. These settings are optional and have sensible defaults.",
        "data": {
          "unplugged_timeout_minutes": "Unplugged Detection Timeout (minutes)",
          "custom_notify_service": "Custom Notify Service Name"
        },
        "data_description": {
          "unplugged_timeout_minutes": "Duration at 0W before considering appliance unplugged (1-60 min, default: 5 min)",
          "custom_notify_service": "Full service name for custom notifications (e.g., notify.my_custom_service)"
        }
      }
    }
  },
  "entity": {
    "sensor": {
      "state": {
        "name": "State",
        "state": {
          "idle": "Idle",
          "running": "Running",
          "finished": "Finished"
        }
      },
      "cycle_duration": {
        "name": "Cycle Duration"
      },
      "cycle_energy": {
        "name": "Cycle Energy"
      },
      "cycle_cost": {
        "name": "Cycle Cost"
      },
      "last_cycle_duration": {
        "name": "Last Cycle Duration"
      },
      "last_cycle_energy": {
        "name": "Last Cycle Energy"
      },
      "last_cycle_cost": {
        "name": "Last Cycle Cost"
      },
      "daily_cycles": {
        "name": "Daily Cycles"
      },
      "daily_cost": {
        "name": "Daily Cost"
      },
      "monthly_cost": {
        "name": "Monthly Cost"
      },
      "session_duration": {
        "name": "Session Duration"
      },
      "session_energy": {
        "name": "Session Energy"
      },
      "session_cost": {
        "name": "Session Cost"
      },
      "last_session_duration": {
        "name": "Last Session Duration"
      },
      "last_session_energy": {
        "name": "Last Session Energy"
      },
      "last_session_cost": {
        "name": "Last Session Cost"
      },
      "daily_sessions": {
        "name": "Daily Sessions"
      }
    },
    "binary_sensor": {
      "running": {
        "name": "Running"
      },
      "alert_duration": {
        "name": "Duration Alert"
      },
      "unplugged": {
        "name": "Unplugged"
      }
    },
    "button": {
      "reset_stats": {
        "name": "Reset Statistics"
      }
    },
    "switch": {
      "monitoring": {
        "name": "Monitoring"
      },
      "notifications": {
        "name": "Notifications"
      },
      "notification_cycle_started": {
        "name": "Notify Cycle Started"
      },
      "notification_cycle_finished": {
        "name": "Notify Cycle Finished"
      },
      "notification_alert_duration": {
        "name": "Notify Alert Duration"
      },
      "notification_unplugged": {
        "name": "Notify Unplugged"
      }
    }
  },
  "selector": {
    "appliance_type": {
      "options": {
        "oven": "Oven",
        "dishwasher": "Dishwasher",
        "washing_machine": "Washing Machine",
        "dryer": "Dryer",
        "water_heater": "Water Heater",
        "coffee_maker": "Coffee Maker",
        "monitor": "Monitor",
        "nas": "NAS",
        "printer_3d": "3D Printer",
        "vmc": "VMC",
        "other": "Other"
      }
    },
    "notification_service": {
      "options": {
        "mobile_app": "Mobile App",
        "telegram": "Telegram",
        "persistent_notification": "Persistent Notification",
        "custom": "Custom Service"
      }
    },
    "notification_type": {
      "options": {
        "cycle_started": "Cycle Started",
        "cycle_finished": "Cycle Finished",
        "alert_duration": "Duration Alert",
        "unplugged": "Unplugged Alert"
      }
    }
  }
}

